001;Alice;Breaker
002;Snow White;Breaker
003;Red Riding Hood;Crusher
004;Cinderella;Gunner
005;Pinocchio;Crusher
006;Briar Rose;Crusher
007;Gretel;Breaker
008;Kaguya;Paladin
009;Alice;Paladin
010;Snow White;Cleric
011;Red Riding Hood;Cleric
012;Cinderella;Sorcerer
013;Pinocchio;Paladin
014;Briar Rose;Sorcerer
015;Gretel;Gunner
016;Kaguya;Sorcerer
017;Snow White;Crusher
018;Briar Rose;Gunner
019;Gretel;Minstrel
020;Pinocchio;Sorcerer
021;Cinderella;Breaker
022;Alice;Cleric
023;Red Riding Hood;Sorcerer
024;Kaguya;Cleric
025;Little Mermaid;Breaker
026;Little Mermaid;Gunner
027;Little Mermaid;Minstrel
028;Kaguya;Breaker
029;Alice;Original
030;Pinocchio;Minstrel
031;Red Riding Hood;Breaker
032;Alice;Sorcerer
033;Red Riding Hood;Minstrel
034;Briar Rose;Paladin
035;Cinderella;Crusher
036;2B;Breaker
037;9S;Paladin
038;A2;Breaker
039;Emil;Cleric
040;2B;Crusher
042;Gretel;Sorcerer
043;Dorothy;Gunner
044;Alice;Minstrel
045;Dorothy;Sorcerer
046;Snow White;Paladin
047;Briar Rose;Breaker
048;Alice;Half-Nightmare
049;Gretel;Crusher
050;Little Mermaid;Paladin
051;Pinocchio;Gunner
052;Red Riding Hood;Paladin
053;Cinderella;Minstrel
055;Gretel;Cleric
056;Alice;Alternative
057;Nutcracker;Breaker
058;Kaguya;Crusher
059;Snow White;Minstrel
060;Red Riding Hood;Alternative
061;Snow White;Tuna Cleric
062;Pinocchio;Tuna Paladin
063;Little Mermaid;Alternative
064;Snow White;Half-Nightmare
065;Alice;Kimono
066;Red Riding Hood;Kimono
067;Cinderella;Kimono
068;Dorothy;Alternative
069;Cinderella;Paladin
070;Zero;Breaker
071;Zero;Cleric
072;One;Breaker
073;Accord;Sorcerer
074;Boy Mikhail;Paladin
075;Three Little Piggies;Breaker
076;Snow White;Sorcerer
077;Alice;Gunner
078;Gretel;Alternative
079;Kaguya;Alternative
080;Little Mermaid;Cleric
081;Dorothy;Minstrel
082;Snow White;Gunner
083;Pinocchio;Breaker
084;Dorothy;Cleric
085;Briar Rose;Half-Nightmare
086;Little Mermaid;Sorcerer
088;Briar Rose;Alternative
089;Cinderella;Cleric
090;Cinderella;Alternative
091;Briar Rose;Poacher
092;Little Mermaid;Poacher
093;Gretel;Half-Nightmare
094;Kaguya;Minstrel
095;Red Riding Hood;Gunner
096;Three Little Piggies;Cleric
097;Snow White;Mage
098;Gretel;Gluttonous Tiger Sorcerer
099;Alice;Proud Lion Half-Nightmare
100;Alice;Envious Serpent Gunner
101;Dorothy;Breaker
102;Little Mermaid;Crusher
103;Red Riding Hood;Half-Nightmare
104;Briar Rose;Cleric
105;Little Mermaid;Proud Lion Breaker
106;Pinocchio;Cleric
107;Alice;Mage
108;Gretel;Mizugi
109;Alice;Mizugi
110;Dorothy;Mizugi
111;Snow White;Mizugi
112;Nutcracker;Mizugi
113;Pinocchio;Gluttonous Tiger Sorcerer
114;Little Mermaid;Half-Nightmare
115;Alice;Crusher
116;Briar Rose;Minstrel
118;Cinderella;Envious Serpent Gunner
119;Red Riding Hood;Lustful Scorpion Cleric
120;Aladdin;Sorcerer
121;Three Little Piggies;Invader
122;Kaguya;Invader
123;Dorothy;Crusher
124;Gretel;Paladin
125;Dorothy;Paladin
126;Kaguya;Half-Nightmare
127;Pinocchio;Alternative
128;Snow White;Alternative
129;Little Mermaid;Halloween
130;Cinderella;Halloween
131;Kaguya;Proud Lion Breaker
132;Snow White;Greedy Crow Paladin
133;Gretel;Lustful Scorpion Cleric
134;Red Riding Hood;Mage
135;Alice;Grandioso
136;Kaguya;Gunner
137;Three Little Piggies;Minstrel
138;Gretel;Envious Serpent Half-Nightmare
139;Cinderella;Half-Nightmare
140;Kaguya;Gluttonous Tiger Sorcerer
141;Dorothy;Greedy Crow Paladin
142;Nutcracker;X-mas
143;Snow White;X-mas
144;Red Riding Hood;X-mas
145;Pinocchio;X-mas
146;Kaguya;Kimono
147;Aladdin;Kimono
148;Snow White;Kimono
149;Pinocchio;Wrath Wolf Crusher
150;Briar Rose;Sloth Bear Minstrel
151;Gretel;Greedy Crow Paladin
153;Rapunzel;Cleric
154;Alice;Valentine
155;Nutcracker;Valentine
156;Cinderella;Proud Lion Breaker
157;Young Nier;Sorcerer
158;Nier;Paladin
159;Kaine;Breaker
160;Young Emil;Mage
161;Devola & Popola;Cleric
162;Emil Clone;Minstrel
163;Dorothy;Envious Serpent Gunner
164;Snow White;Wrath Wolf Crusher
165;Briar Rose;Lustful Scorpion Cleric
166;Pinocchio;Sloth Bear Minstrel
167;Pinocchio;Half-Nightmare
170;Aladdin;Paladin
171;Little Mermaid;Envious Serpent Gunner
172;Kaguya;Lustful Scorpion Cleric
173;Alice;Camp
174;Dorothy;Camp
175;Briar Rose;Camp
177;Alice;Wrath Wolf Crusher
178;Gretel;Envious Serpent Gunner
179;Snow White;Lustful Scorpion Cleric
180;Briar Rose;Envious Serpent Gunner
181;Alice;Gluttonous Tiger Sorcerer
182;Little Mermaid;Mage
183;Kaguya;Sloth Bear Minstrel
184;Aladdin;Crusher
185;Cinderella;Greedy Crow Paladin
187;Dorothy;Sloth Bear Minstrel
188;Briar Rose;Wrath Wolf Crusher
193;Alice;Alternative Blood
194;Snow White;Grand Prix (H31)
195;Snow White;Proud Lion Half-Nightmare
196;Alice;Luxury
197;Cinderella;Luxury
198;Red Riding Hood;Luxury
199;Nutcracker;Gold
200;Two;Breaker
201;Three;Breaker
202;Four;Crusher
203;Five;Paladin
204;Three Little Piggies;Half-Nightmare
205;Pinocchio;Mage
206;Snow White;Proud Lion Breaker
207;Suzaku;Breaker
208;Lelouch;Sorcerer
209;C.C.;Minstrel
210;Euphemia;Cleric
211;Kallen;Crusher
212;The Masked Man Zero;Gunner
213;Dorothy;Proud Lion Breaker
214;Red Riding Hood;Mizugi
215;Cinderella;Mizugi
216;Rapunzel;Mizugi
217;Briar Rose;Gluttonous Tiger Sorcerer
218;Gretel;Proud Lion Breaker
219;Little Mermaid;Greedy Crow Paladin
220;Aladdin;Cleric
221;Kaguya;Wrath Wolf Crusher
222;Rain;Breaker
223;Fina & Dark Fina;Gunner
224;Little Mermaid;Dragoon
225;Three Little Piggies;White Mage
227;Snow White;Gluttonous Tiger Sorcerer
228;Red Riding Hood;Sloth Bear Minstrel
229;Pinocchio;Gypsum, The Dependent Soul Amendment
230;Hamelin;Minstrel
231;Dorothy;Half-Nightmare
232;Dorothy;Wrath Wolf Crusher
233;Aladdin;Halloween
234;Pinocchio;Halloween
235;Gretel;Halloween
236;Nutcracker;Halloween
237;Alice;Proud Lion Breaker
238;Little Mermaid;Lustful Scorpion Cleric
241;Red Riding Hood;Envious Serpent Gunner
242;Subaru Natsuki;Sorcerer
243;Emilia;Cleric
244;Ram;Paladin
245;Rem;Crusher
246;Reinhard;Breaker
247;Rapunzel;Minstrel
250;Pinocchio;Envious Serpent Gunner
251;Aladdin;Half-Nightmare
252;Little Mermaid;Sloth Bear Minstrel
254;Alice;Travelers
255;Briar Rose;Travelers
256;Kaguya;Travelers
257;Snow White;Travelers
258;Rapunzel;Gunner
259;Briar Rose;Invader
260;Aladdin;Invader
261;Three Little Piggies;Crusher
266;Cinderella;Gluttonous Tiger Sorcerer
267;Dorothy;Kimono
268;Gretel;Kimono
269;Three Little Piggies;Kimono
272;Gretel;Mage
273;Hamelin;Gunner
274;Alice;Lustful Scorpion Cleric
275;Kaguya;Envious Serpent Gunner
277;Red Riding Hood;Amphibious Assault Ship Type
278;Gretel;Sloth Bear Minstrel
279;Cinderella;Lustful Scorpion Cleric
280;Three Little Piggies;Alternative
281;Red Riding Hood;Valentine
282;Snow White;Valentine
283;Rapunzel;Valentine
284;Aladdin;Breaker
285;Little Mermaid;Wrath Wolf Crusher
286;Kaguya;Poacher
287;Pinocchio;Poacher
288;Rapunzel;Half-Nightmare
289;Alice;Greedy Crow Paladin
290;Gretel;Kafun
291;Cinderella;Kafun
292;Hamelin;Kafun
293;Three Little Piggies;Sorcerer
298;Little Mermaid;Fresh Fish
299;Red Riding Hood;Proud Lion Breaker
300;Kaguya;Greedy Crow Paladin
301;Alice;Songstress
302;Rapunzel;Songstress
303;Briar Rose;Songstress
304;Hoshina Hinaka;Crusher
305;Snow White;Sloth Bear Minstrel
307;Red Riding Hood;Manga
308;Alice;Child
309;Little Mermaid;Child
310;Dorothy;Child
311;Aladdin;Child
312;Cinderella;Mother
313;Briar Rose;Greedy Crow Paladin
314;Pinocchio;Lustful Scorpion Cleric
315;Red Riding Hood;Gluttonous Tiger Sorcerer
316;Little Mermaid;Lustful Scorpion Half-Nightmare
322;Rapunzel;Breaker
323;Snow White;3rd Anniversary
324;Gretel;3rd Anniversary
325;Kaguya;3rd Anniversary
326;Nutcracker;3rd Anniversary
327;Three Little Piggies;Proud Lion Half-Nightmare
328;Hamelin;Half-Nightmare
329;Snow White;Grand Prix (R02)
330;Hamelin;Booby Prize (R02)
331;King of Facade & Fyra;Paladin
332;Yonah;Sorcerer
333;Alice;Divine Fortitude Breaker
334;Little Mermaid;Divine Chastity Minstrel
335;Snow White;Divine Temperance Crusher
336;Briar Rose;Sleep-Tight Bed
345;Hamelin;Breaker
346;Gretel;Summer Vacation
347;Pinocchio;Summer Vacation
348;Rapunzel;Summer Vacation
349;Aladdin;Servant of Tin
350;Cinderella;Sloth Bear Minstrel
355;Kaguya;Divine Diligence Sorcerer
356;Red Riding Hood;Divine Prudence Gunner
357;Briar Rose;Divine Kindness Cleric
358;Pinocchio;Greedy Crow Paladin
359;Red Riding Hood;Wrath Wolf Crusher
360;Little Match Girl;Gunner
361;Keiichi Maebara;Crusher
362;Rena Ryugu;Breaker
363;Rika Furude;Paladin
364;Hanyu;Sorcerer
365;Mion Sonozaki;Gunner
366;Satoko Hojo;Minstrel
367;Aladdin;Gunner
372;Dorothy;Divine Humility Paladin
373;Cinderella;Divine Diligence Sorcerer
374;Gretel;Divine Fortitude Breaker
375;Three Little Piggies;Paladin
376;Little Match Girl;Minstrel
377;Kaguya;Space Suit
378;Cinderella;GunnerExt
379;Red Riding Hood;Alt.Half
380;Alice;BreakerExt
381;Briar Rose;Alt.Half
382;Three Little Piggies;Sloth Bear Half-Nightmare
383;Little Mermaid;Divine Prudence Gunner
384;Snow White;Divine Kindness Cleric
385;Pinocchio;Divine Chastity Minstrel
386;Rapunzel;Paladin
387;Hamelin;Crusher
389;Shinku;Sorcerer
390;Suginto;Breaker
391;Suiseiseki;Mage
392;Souseiseki;Paladin
393;Kanaria;Minstrel
394;Hinaichigo;Cleric
395;Alice;Divine Humility Paladin
396;Briar Rose;Divine Temperance Crusher
397;Dorothy;Divine Chastity Minstrel
398;Little Match Girl;Half-Nightmare
399;Little Mermaid;Gluttonous Tiger Sorcerer
400;Three Little Piggies;Gunner
401;Gretel;Automatic Bread-tearing Machine
402;Snow White;Taisho Roman
403;Little Match Girl;Taisho Roman
404;Red Riding Hood;Taisho Roman
405;Nutcracker;Taisho Roman
406;Pinocchio;Divine Fortitude Breaker
407;Kaguya;Divine Humility Paladin
408;Red Riding Hood;Divine Diligence Sorcerer
409;Hamelin;Cleric
410;Alice;Christmas Party
411;Aladdin;Christmas Party
412;Gretel;Christmas Party
413;Rapunzel;Christmas Party
414;Rapunzel;Pre.Half
415;Little Mermaid;BreakerExt
416;Snow White;AlternativeExt
417;Pinocchio;Alternative Pre.Half
418;Cinderella;Divine Temperance Crusher
419;Alice;Divine Kindness Cleric
420;Dorothy;Divine Prudence Gunner
421;Kaguya;Gluttonous Tiger Half-Nightmare
422;Cinderella;Mage
423;Little Mermaid;Kimono
424;Briar Rose;Kimono
425;Pinocchio;Kimono
426;Alice;World
427;Kaguya;World
428;Nutcracker;BreakerExt
429;Gretel;Alternative Pre.Half
430;Dorothy;AlternativeExt
431;Kaguya;Alt.Half
432;Three Little Piggies;For-Eating Attire
433;Rapunzel;Sorcerer
434;Red Riding Hood;Divine Fortitude Breaker
435;Pinocchio;Divine Humility Paladin
436;Snow White;Divine Chastity Minstrel
437;Hamelin;Valentine
438;Kaguya;Valentine
439;Briar Rose;Valentine
440;Little Match Girl;Crusher
441;Three Little Piggies;Lustful Scorpion Cleric
442;Snow White;Slime
443;Alice;Ogre
444;Rimuru;Sorcerer
445;Shizu;Breaker
446;Shuna;Cleric
447;Milim;Gunner
448;Little Mermaid;Divine Temperance Crusher
449;Kaguya;Divine Kindness Cleric
450;Briar Rose;Divine Diligence Sorcerer
451;Rapunzel;Catfishing Wear
452;Snow White;Men's
453;Gretel;Men's
454;Cinderella;Men's
455;Dorothy;Men's
456;Alice;Sloth Bear Minstrel
457;Little Match Girl;Paladin
458;Red Riding Hood;Wrath Wolf Half-Nightmare
459;Alice;Divine Prudence Gunner
460;Three Little Piggies;Divine Fortitude Breaker
461;Gretel;Divine Chastity Minstrel
462;Hamelin;Sorcerer
463;Red Riding Hood;Greedy Crow Paladin
464;Fina & Moogle;Gunner
465;Briar Rose;Bard
466;Pinocchio;Proud Lion Breaker
467;Rapunzel;Divine Humility Paladin
468;Red Riding Hood;Divine Kindness Cleric
469;Pinocchio;Divine Diligence Sorcerer
470;Alice;Child II
471;Little Mermaid;Child II
472;Dorothy;Child II
473;Aladdin;Child II
474;Cinderella;Mother II
475;Dorothy;Mage
476;Aladdin;Minstrel
477;Gretel;Wrath Wolf Crusher
478;Alice;Funeral
479;Dorothy;Funeral
480;Little Match Girl;Funeral
481;Alice;OverExt
482;????;Breaker
483;Cinderella;Proud Lion Half-Nightmare
484;Aladdin;Alternative
485;Rapunzel;Alternative
486;Briar Rose;Mage
487;Nutcracker;Funeral
488;Three Little Piggies;Replicant
489;Emil & Grimoire Weiss;Sorcerer
490;Devola & Popola;Paladin
491;Kaine;Crusher
492;Mysterious Girl;Mage
495;Snow White;Manga
496;Kaguya;Mizugi
497;Little Match Girl;Mizugi
498;Aladdin;Mizugi
499;Hamelin;Divine Temperance Crusher
500;Snow White;Divine Humility Paladin
501;Gretel;Divine Diligence Sorcerer
502;Kaguya;Divine Chastity Minstrel
503;Aladdin;Divine Prudence Gunner
504;Little Mermaid;Divine Kindness Cleric
505;Nutcracker;Mizugi II
507;Cinderella;Ball
509;Briar Rose;Proud Lion Breaker
510;Snow White;Hall of Fame Inductee (R03)
511;Briar Rose;Grand Prix (R03)
512;Cinderella;Popularity Contest 8th Place (R03)
513;Rapunzel;Greedy Crow Paladin
514;Dorothy;Divine Fortitude Breaker
515;Three Little Piggies;Divine Diligence Sorcerer
516;Briar Rose;Divine Chastity Minstrel
517;Snow White;World
518;Red Riding Hood;World
519;Snow White;Envious Serpent Gunner
520;Alice;Yukata
521;Gretel;Yukata
522;Red Riding Hood;Yukata
523;Hamelin;Yukata
524;Hamelin;Paladin
525;Aladdin;Gluttonous Tiger Sorcerer
526;Little Match Girl;Divine Prudence Gunner
527;Cinderella;Divine Kindness Cleric
528;Kaguya;Divine Temperance Crusher
529;Red Riding Hood;Moon Travel
530;Briar Rose;Moon Travel
531;Kaguya;Moon Travel
532;Aladdin;Wrath Wolf Crusher
533;Snow White;BatSnow
534;Pinocchio;Fake Joker
535;The Joker;Sorcerer
536;Batman;Gunner
537;Harley Quinn;Crusher
538;Catwoman;Breaker
539;Alice;WGC
540;Aladdin;Divine Kindness Cleric
541;Hamelin;Divine Fortitude Breaker
542;Alice;Divine Diligence Sorcerer
543;Rapunzel;Proud Lion Breaker
544;Rapunzel;Mystery
545;Little Mermaid;Mystery
546;Gretel;Mystery
547;Nutcracker;Mystery
548;Red Riding Hood;AlternativeExt
549;Briar Rose;CrusherExt
550;Little Match Girl;GunnerExt
551;Hamelin;Envious Serpent Gunner
552;Cinderella;Divine Humility Paladin
553;Gretel;Divine Temperance Crusher
554;Rapunzel;Divine Chastity Minstrel
555;Three Little Piggies;BreakerExt
556;Hamelin;MinstrelExt
557;Alice;Fertility
558;Pinocchio;Fertility
559;Briar Rose;Fertility
560;Briar Rose;WGC
561;Aladdin;WGC
562;Cornelia;Paladin
563;Jeremiah;Breaker
564;Hamelin;Divine Prudence Gunner
565;Pinocchio;Divine Temperance Crusher
566;Little Mermaid;Divine Diligence Sorcerer
567;Sebastian;Mage
568;Ciel;Gunner
569;Undertaker;Paladin
570;Elizabeth;Breaker
571;Grell;Crusher
572;Snow White;Butler
573;Little Match Girl;Sorcerer
574;Little Mermaid;WGC
575;Red Riding Hood;WGC
576;Kaguya;WGC
577;Snow White;WGC
578;Gretel;WGC
579;Rapunzel;Kimono
580;Hamelin;Kimono
581;Little Match Girl;Kimono
582;Gretel;BreakerExt
583;Pinocchio;AlternativeExt
584;Red Riding Hood;Divine Humility Paladin
585;Snow White;Divine Fortitude Breaker
586;Three Little Piggies;Divine Kindness Cleric
587;Little Mermaid;World
588;Gretel;World
589;Alice;LED
590;Aladdin;Teacher
591;Little Mermaid;Teacher
592;Dorothy;Teacher
593;Snow White;Teacher
594;Little Match Girl;Divine Temperance Crusher
595;Alice;Divine Chastity Minstrel
596;Kaguya;Divine Prudence Gunner
597;Cinderella;Manga
598;Alice;Cinnamoroll
599;Briar Rose;Hello Kitty
600;Red Riding Hood;My Melody
601;Cinderella;Kuromi
602;Rapunzel;Pompompurin
603;Hamelin;Pochacco
604;Dorothy;Lustful Scorpion Cleric
605;Aladdin;Envious Serpent Gunner
606;Rapunzel;Crusher
607;Briar Rose;Divine Humility Paladin
608;Dorothy;Divine Diligence Sorcerer
609;Briar Rose;Magic School
610;Pinocchio;Magic School
611;Aladdin;Magic School
612;Dorothy;Suuper Cool Robot
613;Briar Rose;Greedy Crow Half-Nightmare
614;Snow White;& the Seven Dwarfs
615;Cinderella;Wrath Wolf Crusher
616;Aladdin;Sloth Bear Minstrel
617;Aladdin;Divine Fortitude Breaker
618;Cinderella;Divine Chastity Minstrel
619;Yumeko Jabami;Breaker
620;Kirari Momobami;Sorcerer
621;Mary Saotome;Crusher
622;Midari Ikishima;Gunner
623;Sayaka Igarashi;Paladin
624;Little Match Girl;Hyakkaou Gakuen
625;Three Little Piggies;Greedy Crow Paladin
626;Rapunzel;Gluttonous Tiger Sorcerer
627;Hamelin;Narcissistic Man
628;Snow White;Divine Diligence Sorcerer
629;Gretel;Divine Prudence Gunner
630;Gretel;Sengoku
631;Kaguya;Sengoku
632;Dorothy;Sengoku
633;Three Little Piggies;Sengoku
634;Three Little Piggies;Sloth Bear Minstrel
635;Hamelin;Proud Lion Breaker
636;Little Match Girl;Wrath Wolf Crusher
637;Little Match Girl;Matches Machine
638;Fio & Mama;Crusher
639;2P;Paladin
640;Red Riding Hood;NieR Collaboration
641;Alice;Book of Library
642;Snow White;Book of Library
643;Snow White;5th Anniversary
644;Briar Rose;5th Anniversary
645;Little Mermaid;5th Anniversary
646;Rapunzel;5th Anniversary
647;Pinocchio;Proud Lion Half-Nightmare
648;Gretel;Grand Prix (R04)
649;Red Riding Hood;Semi-Grand Prix (R04)
650;Alice;Story of Authors
651;Snow White;Story of Authors
652;Little Mermaid;Divine Humility Paladin
653;Pinocchio;Divine Kindness Cleric
654;Little Match Girl;Divine Fortitude Breaker
655;Aladdin;Divine Diligence Sorcerer
656;Rapunzel;Wrath Wolf Crusher
657;Aladdin;Greedy Crow Paladin
659;Pinocchio;World
660;Briar Rose;World
661;Cinderella;Story of Authors
662;Gretel;Story of Authors
663;Snow White;Shark Swimsuit
664;Hamelin;Shark Swimsuit
665;Red Riding Hood;Shark Swimsuit
666;Little Mermaid;Shark Swimsuit
667;Three Little Piggies;Wrath Wolf Crusher
668;Hamelin;Lustful Scorpion Cleric
669;Rapunzel;Divine Temperance Crusher
670;Gretel;Divine Kindness Cleric
671;Dorothy;双極神傑
672;Pinocchio;雷轟皇神
673;Haruka;Sorcerer
674;Aladdin;Proud Lion Breaker
675;Three Little Piggies;Envious Serpent Gunner
676;Alice;Yama
677;Gretel;Yama
678;Kaguya;Yama
679;Aladdin;Yama
680;Little Mermaid;Divine Fortitude Breaker
681;Little Match Girl;Divine Chastity Minstrel
683;Red Riding Hood;Hodgepodge
684;Briar Rose;Hodgepodge
685;Little Match Girl;Hodgepodge
686;Rapunzel;Hodgepodge
687;Little Mermaid;Hodgepodge
688;Briar Rose;Story of Authors
689;Red Riding Hood;Story of Authors
690;Snow White;Divine Prudence Gunner
691;Cinderella;Divine Fortitude Breaker
692;Pinocchio;WGC
693;Dorothy;WGC
694;Little Mermaid;Onion-Chopping Brace
695;Red Riding Hood;Death Metal (Medieval)
696;Alice;VR Halloween
697;Snow White;VR Halloween
698;Dorothy;VR Halloween
699;Aladdin;VR Halloween
700;Hamelin;VR Halloween
701;Gretel;Divine Humility Paladin
702;Kaguya;Divine Fortitude Breaker
703;Three Little Piggies;WGC
704;Little Match Girl;WGC
705;Rapunzel;WGC
706;Briar Rose;Manga
707;Gretel;SINoCollection
708;Little Mermaid;SINoCollection
709;Red Riding Hood;SINoCollection
710;Rapunzel;SINoCollection
711;Briar Rose;Pajama Plushie
712;Gretel;Fully Automatic Rock-Placer Machine
713;Cinderella;WGC
714;Hamelin;WGC
715;Kaguya;Story of Authors
716;Pinocchio;Story of Authors
717;Little Match Girl;Divine Diligence Sorcerer
718;Aladdin;Divine Temperance Crusher
719;Edward Elric;Paladin
720;Alphonse Elric;Crusher
721;Roy Mustang;Sorcerer
722;Riza Hawkeye;Gunner
723;Lust;Minstrel
724;King Bradley;Breaker
725;Alice;Furisode Bunny
726;Snow White;Furisode Bunny
727;Briar Rose;Furisode Bunny
728;Three Little Piggies;Furisode Bunny
729;Rapunzel;World
730;Three Little Piggies;World
731;Alice;神魔
732;Red Riding Hood;神魔
733;Gretel;Sauna
734;Pinocchio;Sauna
735;Kaguya;Sauna
736;Cinderella;Sauna
737;Pinocchio;Self-Reliance Development Baby Carriage
738;Snow White;Oxygen Coffin
739;Red Riding Hood;Divine Chastity Minstrel
740;Hamelin;Divine Diligence Sorcerer
741;Dorothy;Divine Kindness Cleric
742;Briar Rose;Divine Prudence Gunner
743;Kaguya;Mage
744;Little Match Girl;Cleric
745;Hamelin;Wrath Wolf Crusher
746;Snow White;Tuxedo Sam
747;Gretel;Little Twin Stars
748;Little Mermaid;Hangyodon
749;Little Match Girl;Keroppi
750;Dorothy;Kirimichan.
751;Aladdin;Badtz-Maru
752;Kaguya;Self-Scrubbing Set
753;Cinderella;神魔
754;Little Match Girl;神魔
755;Rapunzel;Divine Fortitude Breaker
756;Three Little Piggies;Divine Humility Paladin
757;Briar Rose;Zombie
758;Red Riding Hood;Zombie
759;Rapunzel;Zombie
760;Hamelin;Zombie
761;Briar Rose;神魔
762;Alice;Author Supporting Kit
763;Little Match Girl;Solar Panel Armor
764;Alice;Cheerleader
765;Little Mermaid;Cheerleader
766;Pinocchio;Cheerleader
767;Kaguya;Cheerleader
768;Three Little Piggies;Cheerleader
769;Gretel;神魔
770;Little Mermaid;神魔
771;Little Match Girl;Divine Kindness Cleric
772;Hamelin;Divine Humility Paladin
773;Pinocchio;Divine Prudence Gunner
774;Dorothy;Divine Temperance Crusher
775;Snow White;Clown
776;Dorothy;Clown
777;Little Match Girl;Clown
778;Aladdin;Clown
779;Aladdin;Lion's Fiend
780;Hamelin;Women's Clothing
781;Rapunzel;神魔
782;Kaguya;神魔
783;Rapunzel;Divine Prudence Gunner
784;Briar Rose;Divine Fortitude Breaker
785;Aladdin;Divine Humility Paladin
786;Three Little Piggies;Divine Temperance Crusher
787;Three Little Piggies;Three Little Pigs in a Blanket
788;Rapunzel;Kind-to-Otaku Girl
789;Alice;Divine Fortitude Half-Nightmare
790;Alice;6th Anniversary
791;Cinderella;6th Anniversary
792;Pinocchio;6th Anniversary
793;Gretel;6th Anniversary
794;Little Match Girl;6th Anniversary
795;Dorothy;6th Anniversary
796;Snow White;6th Anniversary
797;Rapunzel;6th Anniversary
798;Three Little Piggies;6th Anniversary
799;Red Riding Hood;6th Anniversary
800;Little Mermaid;6th Anniversary
801;Hamelin;6th Anniversary
802;Kaguya;6th Anniversary
803;Briar Rose;6th Anniversary
804;Aladdin;6th Anniversary
805;Nutcracker;6th Anniversary
806;Pinocchio;神魔
807;Snow White;神魔
808;Red Riding Hood;Grand Prix (R05)
809;Rapunzel;Popularity Contest 8th Place (R05)
810;Dorothy;Out of Ideas
811;Cinderella;Sukeban
812;Little Match Girl;Alternative
813;Hamelin;Alternative
814;Pinocchio;Wedding Swimsuit
815;Kaguya;Wedding Swimsuit
816;Red Riding Hood;Wedding Swimsuit
817;Rapunzel;Wedding Swimsuit
818;Alice;LiLLion! Production
819;Gretel;LiLLion! Production
820;Briar Rose;LiLLion! Production
821;Snow White;LiLLion! Production
822;Little Mermaid;LiLLion! Production
823;Cinderella;World
824;Little Match Girl;World
825;Three Little Piggies;神魔
826;Hamelin;神魔
827;Alice;Divine Temperance Crusher
828;Cinderella;Divine Prudence Gunner
829;Gretel;Summer Festival Dancer
830;Little Mermaid;Summer Festival Dancer
831;Briar Rose;Summer Festival Dancer
832;Hamelin;Summer Festival DJ
833;Dorothy;神魔
834;Aladdin;神魔
835;Snow White;Maid
836;Dorothy;Maid
837;Three Little Piggies;Maid
838;Cinderella;Maid
839;Red Riding Hood;Divine Temperance Crusher
840;Aladdin;Conductor
841;Alice;Conductor
842;Little Match Girl;Conductor
843;Nutcracker;Conductor